Jan,Kowalski,s12345,01/02/2000,kowalski@pjwstk.edu.pl,Alina,Andrzej,Computer Science,Stationary
Jan,Kowalski,s12345,01/02/2000,kowalski@pjwstk.edu.pl,Alina,Andrzej,Computer Science,Stationary
Jan,Kowalski,s12345,01/02/2000,kowalski@pjwstk.edu.pl,Alina,Andrzej,Computer Science,Stationary
Jan,Kowalski,s12345,01/02/2000,kowalski@pjwstk.edu.pl,Alina,Andrzej,Computer Science,Stationary
Jan,Kowalski,s12345,01/02/2000,kowalski@pjwstk.edu.pl,Alina,Andrzej,Computer Science,Stationary
Jan,Kowalski,s12345,01/02/2000,kowalski@pjwstk.edu.pl,Alina,Andrzej,Computer Science,Stationary
Jan,Kowalski,s12345,01/02/2000,kowalski@pjwstk.edu.pl,Alina,Andrzej,Computer Science,Stationary
Jan,Kowalski,s12345,01/02/2000,kowalski@pjwstk.edu.pl,Alina,Andrzej,Computer Science,Stationary
Jan,Kowalski,s12345,01/02/2000,kowalski@pjwstk.edu.pl,Alina,Andrzej,Computer Science,Stationary
Jan,Kowalski,s12345,01/02/2000,kowalski@pjwstk.edu.pl,Alina,Andrzej,Computer Science,Stationary
